[
    {
        "_id":"1",
        "url":"Tribe",
        "Name":"Blaze",
        "Date":"15-5-8",
        "sheet":"Tribe",
        "Tagline": "Always on Fire Lorem ipsum dolor sit amet, consectetur adipisicing elit.",
        "About":"Lorem ipsum dolor sit amet, consectetur adipisicing elit. Nulla ipsa in velit amet obcaecati dolorem officia dolor tempore corrupti enim! Optio necessitatibus repudiandae est pariatur perferendis ab veniam similique quo?Lorem ipsum dolor sit amet consectetur adipisicing elit. Nihil recusandae tempora optio corrupti ab consectetur sit quaerat assumenda, labore laborum."
    },
    {
        "_id":"2",
        "url":"Tribe2",
        "Name":"Blaze2",
        "Date":"18-5-8",
        "sheet":"Tribe2",
        "Tagline": "Always on Fire22222 Lorem ipsum dolor sit amet, consectetur adipisicing elit.",
        "About":"Lorem ipsum dolo22222r sit amet, consectetur adipisicing elit. Nulla ipsa in velit amet obcaecati dolorem officia dolor tempore corrupti enim! Optio necessitatibus repudiandae est pariatur perferendis ab veniam similique quo?Lorem ipsum dolor sit amet consectetur adipisicing elit. Nihil recusandae tempora optio corrupti ab consectetur sit quaerat assumenda, labore laborum."
    }

]