[
    {
        "id":"1",
        "Name":"Pranay",
        "Section":"M1962",
        "Registration_No":"11910074",
        "City":"Nagpur",
        "State":"Maharashtra",
        "Profession":"Software Developer",
        "test":"Test",
        "ok":"this is ok"
    },
    {
        "id":"2",
        "Name":"Pranay",
        "Section":"M1962",
        "Registration_No":"11910074",
        "City":"Nagpur",
        "State":"Maharashtra",
        "Profession":"Software Developer",
        "test":"Test",
        "ok":"this is ok"
    },
    {
        "id":"3",
        "Name":"Chetan",
        "Section":"M1962",
        "Registration_No":"11910079",
        "City":"Ujjain",
        "State":"Madhya Pradesh",
        "Profession":"Enginner",
        "test":"Test",
        "ok":"this is ok"
    },
    {
        "id":"4",
        "Name":"Pranay",
        "Section":"M1962",
        "Registration_No":"11910074",
        "City":"Nagpur",
        "State":"Maharashtra",
        "Profession":"Software Developer",
        "test":"Test",
        "ok":"this is ok"
    },
    {
        "id":"5",
        "Name":"Pranay",
        "Section":"M1962",
        "Registration_No":"11910074",
        "City":"Nagpur",
        "State":"Maharashtra",
        "Profession":"Software Developer",
        "test":"Test",
        "ok":"this is ok"
    }
]